Domain,label
ecnavi.jp,0.0
hubpages.com,0.0
hubpages.com,0.0
discover.hubpages.com,0.0
discover.hubpages.com,0.0
hubpages.com,0.0
extratorrent.cc,0.0
extratorrent.cc,0.0
icicibank.com,0.0
icicibank.com,0.0
www.icicibank.com,0.0
www.icicibank.com,0.0
icicibank.com,0.0
nypost.com,0.0
nypost.com,0.0
nypost.com,0.0
kienthuc.net.vn,0.0
kienthuc.net.vn,0.0
kienthuc.net.vn,0.0
thenextweb.com,0.0
thenextweb.com,0.0
thenextweb.com,0.0
akhbarelyom.com,0.0
akhbarelyom.com,0.0
akhbarelyom.com,0.0
tunein.com,0.0
tunein.com,0.0
tunein.com,0.0
tune.pk,0.0
tune.pk,0.0
tune.pk,0.0
tune.pk,0.0
tune.pk,0.0
tune.pk,0.0
tune.pk,0.0
sfglobe.com,0.0
sfglobe.com,0.0
mic.com,0.0
mic.com,0.0
www.mic.com,0.0
www.mic.com,0.0
mic.com,0.0
venturebeat.com,0.0
venturebeat.com,0.0
venturebeat.com,0.0
allegro.pl,0.0
allegro.pl,0.0
metro.co.uk,0.0
metro.co.uk,0.0
metro.co.uk,0.0
atwiki.jp,0.0
atwiki.jp,0.0
atwiki.jp,0.0
nguyentandung.org,0.0
nguyentandung.org,0.0
nguyentandung.org,0.0
spankbang.com,0.0
spankbang.com,0.0
spankbang.com,0.0
torcache.net,0.0
torcache.net,0.0
depositphotos.com,0.0
depositphotos.com,0.0
depositphotos.com,0.0
serverfault.com,0.0
serverfault.com,0.0
serverfault.com,0.0
kakaku.com,0.0
kakaku.com,0.0
kakaku.com,0.0
indianexpress.com,0.0
indianexpress.com,0.0
indianexpress.com,0.0
distractify.com,0.0
distractify.com,0.0
www.distractify.com,0.0
www.distractify.com,0.0
distractify.com,0.0
sourceforge.net,0.0
sourceforge.net,0.0
sourceforge.net,0.0
babal.net,0.0
babal.net,0.0
cookpad.com,0.0
cookpad.com,0.0
cookpad.com,0.0
plarium.com,0.0
plarium.com,0.0
plarium.com,0.0
pikabu.ru,0.0
pikabu.ru,0.0
grantland.com,0.0
grantland.com,0.0
grantland.com,0.0
europa.eu,0.0
europa.eu,0.0
european-union.europa.eu,0.0
european-union.europa.eu,0.0
european-union.europa.eu,0.0
european-union.europa.eu,0.0
europa.eu,0.0
kenh14.vn,0.0
kenh14.vn,0.0
kenh14.vn,0.0
twitter.com,0.0
twitter.com,0.0
twitter.com,0.0
nesn.com,0.0
nesn.com,0.0
nesn.com,0.0
fishki.net,0.0
fishki.net,0.0
fishki.net,0.0
syosetu.com,0.0
syosetu.com,0.0
syosetu.com,0.0
getpocket.com,0.0
getpocket.com,0.0
getpocket.com,0.0
getpocket.com,0.0
getpocket.com,0.0
mylust.com,0.0
mylust.com,0.0
mylust.com,0.0
censor.net.ua,0.0
censor.net.ua,0.0
censor.net,0.0
censor.net,0.0
censor.net.ua,0.0
pornsharing.com,0.0
pornsharing.com,0.0
genius.com,0.0
genius.com,0.0
genius.com,0.0
codecanyon.net,0.0
codecanyon.net,0.0
codecanyon.net,0.0
qz.com,0.0
qz.com,0.0
qz.com,0.0
qz.com,0.0
qz.com,0.0
uproxx.com,0.0
uproxx.com,0.0
uproxx.com,0.0
paytm.com,0.0
paytm.com,0.0
paytm.com,0.0
ap.org,0.0
ap.org,0.0
www.ap.org,0.0
www.ap.org,0.0
www.ap.org,0.0
www.ap.org,0.0
ap.org,0.0
correios.com.br,0.0
correios.com.br,0.0
correios.com.br,0.0
web.de,0.0
web.de,0.0
web.de,0.0
noticias.uol.com.br,0.0
noticias.uol.com.br,0.0
noticias.uol.com.br,0.0
bdnews24.com,0.0
bdnews24.com,0.0
bdnews24.com,0.0
kickass.to,0.0
kickass.to,0.0
weathernews.jp,0.0
weathernews.jp,0.0
weathernews.jp,0.0
mirtesen.ru,0.0
mirtesen.ru,0.0
mirtesen.ru,0.0
jalopnik.com,0.0
jalopnik.com,0.0
jalopnik.com,0.0
techcrunch.com,0.0
techcrunch.com,0.0
techcrunch.com,0.0
arstechnica.com,0.0
arstechnica.com,0.0
arstechnica.com,0.0
torrentdn.com,1.0
torrentdn.com,1.0
searchengineland.com,0.0
searchengineland.com,0.0
searchengineland.com,0.0
putlocker.is,0.0
putlocker.is,0.0
ww25.putlocker.is,0.0
ww25.putlocker.is,0.0
putlocker.is,0.0
lifehacker.com,0.0
lifehacker.com,0.0
lifehacker.com,0.0
buzzfil.net,0.0
buzzfil.net,0.0
jezebel.com,0.0
jezebel.com,0.0
jezebel.com,1.0
gov.uk,0.0
gov.uk,0.0
www.gov.uk,0.0
www.gov.uk,0.0
gov.uk,0.0
seekingalpha.com,0.0
seekingalpha.com,0.0
seekingalpha.com,0.0
web.tv,0.0
web.tv,0.0
web.tv,0.0
olx.co.id,0.0
olx.co.id,0.0
olx.ua,0.0
olx.ua,0.0
www.olx.ua,0.0
www.olx.ua,0.0
olx.ua,0.0
olx.pl,0.0
olx.pl,0.0
www.olx.pl,0.0
www.olx.pl,0.0
olx.pl,0.0
myspace.com,0.0
myspace.com,0.0
myspace.com,0.0
squarespace.com,0.0
squarespace.com,0.0
www.squarespace.com,0.0
www.squarespace.com,0.0
squarespace.com,0.0
privatbank.ua,0.0
privatbank.ua,0.0
privatbank.ua,0.0
xhamster.com,0.0
xhamster.com,0.0
xhamster.com,0.0
perezhilton.com,0.0
perezhilton.com,1.0
perezhilton.com,0.0
comicbook.com,0.0
comicbook.com,0.0
comicbook.com,0.0
deadspin.com,0.0
deadspin.com,0.0
deadspin.com,0.0
udn.com,0.0
udn.com,0.0
udn.com,0.0
bestblackhatforum.com,0.0
bestblackhatforum.com,0.0
quizlet.com,0.0
quizlet.com,0.0
quizlet.com,0.0
pitchfork.com,0.0
pitchfork.com,0.0
pitchfork.com,0.0
katproxy.com,0.0
katproxy.com,0.0
elitedaily.com,0.0
elitedaily.com,0.0
www.elitedaily.com,0.0
www.elitedaily.com,0.0
elitedaily.com,0.0
interpark.com,0.0
interpark.com,0.0
interpark.com,0.0
gtbank.com,0.0
gtbank.com,0.0
gtbank.com,0.0
medium.com,0.0
medium.com,0.0
medium.com,0.0
onedio.com,0.0
onedio.com,0.0
onedio.com,0.0
hollywoodlife.com,0.0
hollywoodlife.com,0.0
hollywoodlife.com,0.0
fortune.com,0.0
fortune.com,0.0
fortune.com,0.0
ringring.vn,1.0
ringring.vn,1.0
fanpage.gr,0.0
fanpage.gr,0.0
fanpage.gr,0.0
thechive.com,0.0
thechive.com,0.0
thechive.com,0.0
variety.com,0.0
variety.com,0.0
variety.com,0.0
otomoto.pl,0.0
otomoto.pl,0.0
www.otomoto.pl,0.0
www.otomoto.pl,0.0
otomoto.pl,0.0
olx.ro,0.0
olx.ro,0.0
www.olx.ro,0.0
www.olx.ro,0.0
olx.ro,0.0
fazenda.gov.br,0.0
fazenda.gov.br,0.0
fazenda.gov.br,0.0
superuser.com,0.0
superuser.com,0.0
superuser.com,0.0
momoshop.com.tw,0.0
momoshop.com.tw,0.0
www.momoshop.com.tw,0.0
www.momoshop.com.tw,0.0
momoshop.com.tw,0.0
kotaku.com,0.0
kotaku.com,0.0
kotaku.com,0.0
stackoverflow.com,0.0
stackoverflow.com,0.0
stackoverflow.com,0.0
aljazeera.net,0.0
aljazeera.net,0.0
www.aljazeera.net,0.0
www.aljazeera.net,0.0
aljazeera.net,0.0
wpengine.com,0.0
wpengine.com,0.0
wpengine.com,0.0
prezi.com,0.0
prezi.com,0.0
prezi.com,0.0
smallseotools.com,0.0
smallseotools.com,0.0
smallseotools.com,0.0
mashable.com,0.0
mashable.com,0.0
mashable.com,0.0
yourlust.com,0.0
yourlust.com,0.0
yourlust.com,0.0
patch.com,0.0
patch.com,0.0
patch.com,0.0
popupads.ir,1.0
popupads.ir,1.0
haberler.com,0.0
haberler.com,0.0
www.haberler.com,0.0
www.haberler.com,0.0
haberler.com,0.0
dantri.com.vn,0.0
dantri.com.vn,0.0
dantri.com.vn,0.0
dantri.com.vn,0.0
askubuntu.com,0.0
askubuntu.com,0.0
askubuntu.com,0.0
espn.go.com,0.0
espn.go.com,0.0
www.espn.com,0.0
www.espn.com,0.0
espn.go.com,0.0
telegraf.com.ua,0.0
telegraf.com.ua,0.0
telegraf.com.ua,0.0
nymag.com,0.0
nymag.com,0.0
nymag.com,0.0
slickdeals.net,0.0
slickdeals.net,0.0
slickdeals.net,0.0
hdfcbank.com,0.0
hdfcbank.com,0.0
www.hdfcbank.com,0.0
www.hdfcbank.com,0.0
wikiwiki.jp,0.0
wikiwiki.jp,0.0
wikiwiki.jp,0.0
bleacherreport.com,0.0
bleacherreport.com,0.0
bleacherreport.com,0.0
caixa.gov.br,0.0
caixa.gov.br,0.0
caixa.gov.br,0.0
caixa.gov.br,0.0
caixa.gov.br,0.0
caixa.gov.br,0.0
caixa.gov.br,0.0
caixa.gov.br,0.0
caixa.gov.br,0.0
caixa.gov.br,0.0
digg.com,0.0
digg.com,0.0
digg.com,0.0
slashdot.org,0.0
slashdot.org,0.0
slashdot.org,0.0
bigcinema.tv,0.0
bigcinema.tv,0.0
bigcinema.tv,0.0
doodle.com,0.0
doodle.com,1.0
doodle.com,0.0
doodle.com,0.0
doodle.com,0.0
doodle.com,0.0
doodle.com,0.0
wikimapia.org,0.0
wikimapia.org,0.0
wikimapia.org,0.0
themeforest.net,0.0
themeforest.net,0.0
themeforest.net,0.0
cheezburger.com,0.0
cheezburger.com,0.0
www.cheezburger.com,0.0
www.cheezburger.com,0.0
cheezburger.com,0.0
io9.com,0.0
io9.com,0.0
gizmodo.com,0.0
gizmodo.com,0.0
io9.com,0.0
allrecipes.com,0.0
allrecipes.com,0.0
www.allrecipes.com,0.0
www.allrecipes.com,0.0
allrecipes.com,0.0
rt.com,0.0
rt.com,0.0
maybank2u.com.my,0.0
maybank2u.com.my,0.0
www.maybank2u.com.my,0.0
www.maybank2u.com.my,0.0
www.maybank2u.com.my,0.0
www.maybank2u.com.my,0.0
www.maybank2u.com.my,0.0
www.maybank2u.com.my,0.0
maybank2u.com.my,0.0
iconosquare.com,0.0
iconosquare.com,0.0
pro.iconosquare.com,0.0
pro.iconosquare.com,0.0
iconosquare.com,0.0
elcomercio.pe,0.0
elcomercio.pe,0.0
elcomercio.pe,0.0
mentalfloss.com,0.0
mentalfloss.com,0.0
www.mentalfloss.com,0.0
www.mentalfloss.com,0.0
mentalfloss.com,0.0
seesaawiki.jp,0.0
seesaawiki.jp,0.0
wiki.seesaa.jp,0.0
wiki.seesaa.jp,0.0
seesaawiki.jp,0.0
diply.com,0.0
diply.com,0.0
diply.com,0.0
nhs.uk,0.0
nhs.uk,0.0
www.nhs.uk,0.0
www.nhs.uk,0.0
www.nhs.uk,0.0
www.nhs.uk,0.0
nhs.uk,0.0
ink361.com,1.0
ink361.com,1.0
gizmodo.com,0.0
gizmodo.com,0.0
gizmodo.com,0.0
esporte.uol.com.br,0.0
esporte.uol.com.br,0.0
www.uol.com.br,0.0
www.uol.com.br,0.0
esporte.uol.com.br,0.0
ifttt.com,0.0
ifttt.com,0.0
ifttt.com,0.0
abcnews.go.com,0.0
abcnews.go.com,0.0
abcnews.go.com,0.0
xvideo-jp.com,0.0
xvideo-jp.com,0.0
xvideo-jp.com,0.0
mediaset.it,0.0
mediaset.it,0.0
www.mediasetplay.mediaset.it,0.0
www.mediasetplay.mediaset.it,0.0
mediaset.it,0.0
evernote.com,0.0
evernote.com,0.0
evernote.com,0.0
seasonvar.ru,0.0
seasonvar.ru,0.0
steamcommunity.com,0.0
steamcommunity.com,0.0
steamcommunity.com,0.0
khabaronline.ir,0.0
khabaronline.ir,0.0
www.khabaronline.ir,0.0
www.khabaronline.ir,0.0
khabaronline.ir,0.0
lastpass.com,0.0
lastpass.com,0.0
www.lastpass.com,0.0
www.lastpass.com,0.0
lastpass.com,0.0
189.cn,0.0
189.cn,0.0
irecommend.ru,0.0
irecommend.ru,0.0
irecommend.ru,0.0
livestream.com,0.0
livestream.com,0.0
livestream.com,0.0
abc.go.com,0.0
abc.go.com,0.0
abc.com,0.0
abc.com,0.0
abc.go.com,0.0
likemag.com,1.0
likemag.com,1.0
frauenseite.net,1.0
frauenseite.net,1.0
www.frauenseite.net,1.0
www.frauenseite.net,1.0
www.stylevamp.de,0.0
www.stylevamp.de,0.0
likemag.com,1.0
unity3d.com,0.0
unity3d.com,0.0
unity.com,0.0
unity.com,0.0
unity3d.com,0.0
mixi.jp,0.0
mixi.jp,0.0
mixi.jp,0.0
xueqiu.com,0.0
xueqiu.com,0.0
xueqiu.com,0.0
motherless.com,0.0
motherless.com,0.0
motherless.com,0.0
xossip.com,0.0
xossip.com,0.0
cox.com,0.0
cox.com,0.0
www.cox.com,0.0
www.cox.com,0.0
www.cox.com,0.0
www.cox.com,0.0
cox.com,0.0
nrk.no,0.0
nrk.no,0.0
www.nrk.no,0.0
www.nrk.no,0.0
nrk.no,0.0
css-tricks.com,0.0
css-tricks.com,0.0
css-tricks.com,0.0
tebyan.net,0.0
tebyan.net,0.0
www.tebyan.net,0.0
www.tebyan.net,0.0
tebyan.net,0.0
moviepilot.com,0.0
moviepilot.com,0.0
moviepilot.com,0.0
megogo.net,0.0
megogo.net,0.0
megogo.net,0.0
megogo.net,0.0
megogo.net,0.0
megogo.net,0.0
megogo.net,0.0
anysex.com,0.0
anysex.com,0.0
anysex.com,0.0
sputniknews.com,0.0
sputniknews.com,0.0
himado.in,0.0
himado.in,0.0
himado.in,0.0
himado.in,0.0
himado.in,0.0
auto.ru,0.0
auto.ru,0.0
auto.ru,0.0
stackexchange.com,0.0
stackexchange.com,0.0
stackexchange.com,0.0
bitbucket.org,0.0
bitbucket.org,0.0
bitbucket.org,0.0
rocketnews24.com,0.0
rocketnews24.com,0.0
rocketnews24.com,0.0
clien.net,0.0
clien.net,0.0
www.clien.net,0.0
www.clien.net,0.0
www.clien.net,0.0
www.clien.net,0.0
clien.net,0.0
marvel.com,0.0
marvel.com,0.0
www.marvel.com,0.0
www.marvel.com,0.0
marvel.com,0.0
eksisozluk.com,0.0
eksisozluk.com,0.0
eksisozluk.com,0.0
oneplus.net,0.0
oneplus.net,0.0
www.oneplus.com,0.0
www.oneplus.com,0.0
www.oneplus.com,0.0
www.oneplus.com,0.0
oneplus.net,0.0
vnexpress.net,0.0
vnexpress.net,0.0
vnexpress.net,0.0
vnexpress.net,0.0
gawker.com,0.0
www.gawker.com,0.0
www.gawker.com,0.0
gawker.com,0.0
dropbooks.tv,0.0
dropbooks.tv,0.0
pchome.com.tw,0.0
pchome.com.tw,0.0
www.pchome.com.tw,0.0
www.pchome.com.tw,0.0
pchome.com.tw,0.0
shareba.com,0.0
shareba.com,0.0
qz.shareba.com,0.0
qz.shareba.com,0.0
shareba.com,0.0
2gis.ru,0.0
2gis.ru,0.0
2gis.ru,0.0
screenrant.com,0.0
screenrant.com,0.0
screenrant.com,0.0
elevenia.co.id,0.0
elevenia.co.id,0.0
www.elevenia.co.id,0.0
www.elevenia.co.id,0.0
www.elevenia.co.id,0.0
www.elevenia.co.id,0.0
elevenia.co.id,0.0
housing.com,0.0
housing.com,0.0
housing.com,0.0
b9dm.com,0.0
b9dm.com,0.0
codepen.io,0.0
codepen.io,0.0
skyrock.com,0.0
skyrock.com,0.0
skyrock.com,0.0
hootsuite.com,0.0
hootsuite.com,0.0
www.hootsuite.com,0.0
www.hootsuite.com,0.0
hootsuite.com,0.0
taboola.com,0.0
taboola.com,0.0
www.taboola.com,0.0
www.taboola.com,0.0
taboola.com,0.0
bongda88.info,1.0
bongda88.info,1.0
conservativetribune.com,0.0
conservativetribune.com,0.0
giphy.com,0.0
giphy.com,0.0
giphy.com,0.0
livetv.sx,0.0
livetv.sx,0.0
bluegape.com,1.0
bluegape.com,1.0
myegy.to,0.0
myegy.to,0.0
ww38.myegy.to,0.0
ww38.myegy.to,0.0
myegy.to,0.0
fc2.com,0.0
fc2.com,0.0
fc2.com,0.0
soundcloud.com,0.0
soundcloud.com,0.0
soundcloud.com,0.0
ero-video.net,0.0
ero-video.net,0.0
ero-video.net,0.0
ck101.com,0.0
ck101.com,0.0
move.ck101.tw,0.0
move.ck101.tw,0.0
ck101.com,0.0
screencast.com,0.0
screencast.com,0.0
www.screencast.com,0.0
www.screencast.com,0.0
screencast.com,0.0
ahrefs.com,0.0
ahrefs.com,0.0
ahrefs.com,0.0
teespring.com,0.0
teespring.com,0.0
teespring.com,0.0
9gag.tv,1.0
9gag.tv,1.0
dribbble.com,0.0
dribbble.com,0.0
dribbble.com,0.0
watch-series-tv.to,0.0
watch-series-tv.to,0.0
ww1.watch-series-tv.to,0.0
ww1.watch-series-tv.to,0.0
watch-series-tv.to,0.0
wordpress.org,0.0
wordpress.org,0.0
instagram.com,0.0
www.instagram.com,0.0
instagram.com,0.0
sprint.com,0.0
sprint.com,0.0
jugem.jp,0.0
jugem.jp,0.0
jugem.jp,0.0
foursquare.com,0.0
foursquare.com,0.0
foursquare.com,0.0
creativemarket.com,0.0
creativemarket.com,0.0
wmaraci.com,0.0
wmaraci.com,0.0
wmaraci.com,0.0
nametests.com,0.0
nametests.com,0.0
nametests.com,0.0
pinterest.com,0.0
pinterest.com,0.0
amoory.com,1.0
amoory.com,1.0
ww1.amoory.com,1.0
ww1.amoory.com,1.0
amoory.com,1.0
manager.co.th,0.0
manager.co.th,0.0
mgronline.com,0.0
mgronline.com,0.0
manager.co.th,0.0
archive.org,0.0
archive.org,0.0
archive.org,0.0
suumo.jp,0.0
suumo.jp,0.0
bgr.com,0.0
bgr.com,0.0
bgr.com,0.0
pantip.com,0.0
pantip.com,0.0
pantip.com,0.0
avxhome.se,0.0
avxhome.se,0.0
avxhome.se,0.0
coccoc.com,0.0
coccoc.com,0.0
coccoc.com,0.0
alfalfalfa.com,0.0
alfalfalfa.com,0.0
worldoftanks.ru,0.0
worldoftanks.ru,0.0
worldoftanks.ru,0.0
kizi.com,0.0
kizi.com,0.0
kizi.com,0.0
filehippo.com,0.0
filehippo.com,0.0
filehippo.com,0.0
mainichi.jp,0.0
mainichi.jp,0.0
mainichi.jp,0.0
faithtap.com,1.0
faithtap.com,1.0
ijr.com,0.0
ijr.com,0.0
faithtap.com,1.0
tsite.jp,0.0
tsite.jp,0.0
tsite.jp,0.0
tsite.jp,0.0
tsite.jp,0.0
bmi.ir,0.0
bmi.ir,0.0
subscene.com,0.0
subscene.com,0.0
subscene.com,0.0
dealnews.com,0.0
dealnews.com,0.0
www.dealnews.com,0.0
www.dealnews.com,0.0
dealnews.com,0.0
h2porn.com,0.0
h2porn.com,0.0
pornvideost.com,0.0
h2porn.com,0.0
alohatube.com,0.0
www.alohatube.com,0.0
www.alohatube.com,0.0
alohatube.com,0.0
ameblo.jp,0.0
ameblo.jp,0.0
ameblo.jp,0.0
mygpstrip.net,1.0
mygpstrip.net,1.0
mygpstrip.net,1.0
milpitaslions.com,1.0
milpitaslions.com,1.0
www.milpitaslions.com,1.0
www.milpitaslions.com,1.0
milpitaslions.com,1.0
pastimenangqq101.com,1.0
firebasestorage.googleapis.com,0.0
firebasestorage.googleapis.com,0.0
cheaproomsvalencia.com,1.0
cheaproomsvalencia.com,1.0
aprenderparaser.com.br,1.0
aprenderparaser.com.br,1.0
kinemind.com,1.0
kinemind.com,1.0
kinemind.com,1.0
han.gl,1.0
han.gl,1.0
han.gl,1.0
han.gl,1.0
han.gl,0.0
u.to,1.0
u.to,1.0
u.to,1.0
u.to,0.0
u.to,1.0
faktor.rs,1.0
faktor.rs,1.0
www.faktor.rs,1.0
www.faktor.rs,1.0
centromusicalpaternense.es,1.0
centromusicalpaternense.es,1.0
centromusicalpaternense.es,1.0
centromusicalpaternense.es,1.0
www.centromusicalpaternense.es,1.0
www.centromusicalpaternense.es,1.0
centromusicalpaternense.es,1.0
verificare.sella.corporateportal.aggiorniituoidati.com,1.0
verificare.sella.corporateportal.aggiorniituoidati.com,1.0
biced.iainbukittinggi.ac.id,1.0
biced.iainbukittinggi.ac.id,1.0
biced.iainbukittinggi.ac.id,1.0
biced.iainbukittinggi.ac.id,1.0
biced.iainbukittinggi.ac.id,1.0
biced.iainbukittinggi.ac.id,1.0
biced.iainbukittinggi.ac.id,1.0
paxful-service.com,1.0
paxful-service.com,1.0
sportbeclick.com,1.0
sportbeclick.com,1.0
yamionmsuz.com,1.0
yamionmsuz.com,1.0
dailyexclusiveoffer.com,1.0
dailyexclusiveoffer.com,1.0
dailyexclusiveoffer.com,1.0
app-sicredi-br.wpdevcloud.com,1.0
app-sicredi-br.wpdevcloud.com,1.0
maticcoupon.com,1.0
maticcoupon.com,1.0
ig-fosa.ch,1.0
ig-fosa.ch,1.0
enigreen.net,1.0
enigreen.net,1.0
bancoestado700.blogspot.com,1.0
bancoestado700.blogspot.com,1.0
bancoestado700.blogspot.com,1.0
webapp186332.ip-172-104-4-187.cloudezapp.io,1.0
webapp186332.ip-172-104-4-187.cloudezapp.io,1.0
webapp186332.ip-172-104-4-187.cloudezapp.io,1.0
webapp186332.ip-172-104-4-187.cloudezapp.io,1.0
digibarre.pt,1.0
digibarre.pt,1.0
digibarre.pt,1.0
digibarre.pt,1.0
digibarre.pt,1.0
bitscases.gq,1.0
bitscases.gq,1.0
icloud.com.apple-findmyiphone.world,1.0
icloud.com.apple-findmyiphone.world,1.0
ovastor.egnyte.com,1.0
ovastor.egnyte.com,1.0
payuupal.ddns.net,1.0
payuupal.ddns.net,1.0
email302.com,1.0
email302.com,1.0
postageapp.com,1.0
postageapp.com,1.0
email302.com,1.0
playarprint.com,1.0
playarprint.com,1.0
deref-gmx.net,1.0
deref-gmx.net,1.0
deref-gmx.net,1.0
deref-gmx.net,1.0
mobileacesso24horas.com,1.0
mobileacesso24horas.com,1.0
wwedvm.appspot.com,1.0
flightstoeurope.us,1.0
flightstoeurope.us,1.0
flightstoeurope.us,1.0
theaquaticmall.com,1.0
theaquaticmall.com,1.0
theaquaticmall.com,1.0
theaquaticmall.com,1.0
theaquaticmall.com,1.0
ltaucard.com,1.0
ltaucard.com,1.0
bitnskins.com,1.0
bitnskins.com,1.0
kersgam.com,1.0
kersgam.com,1.0
kersgam.com,1.0
kersgam.com,1.0
kersgam.com,1.0
dropbox.com,1.0
dropbox.com,1.0
dropbox.com,1.0
dropbox.com,1.0
www.dropbox.com,1.0
www.dropbox.com,1.0
dropbox.com,1.0
marreme.com,1.0
marreme.com,1.0
marreme.com,1.0
docs.google.com,1.0
docs.google.com,1.0
docs.google.com,1.0
docs.google.com,1.0
accounts.google.com,1.0
accounts.google.com,1.0
docs.google.com,1.0
lakeviewinnvermont.com,1.0
lakeviewinnvermont.com,1.0
coupedeparis.f3m.free.fr,1.0
coupedeparis.f3m.free.fr,1.0
greatescapesworkshop.com,1.0
greatescapesworkshop.com,1.0
greatescapesworkshop.com,1.0
forms.office.com,1.0
forms.office.com,1.0
forms.office.com,1.0
forms.office.com,1.0
forms.office.com,1.0
sites.google.com,1.0
sites.google.com,1.0
sites.google.com,1.0
sites.google.com,1.0
accounts.google.com,1.0
accounts.google.com,1.0
sites.google.com,1.0
earlystickgraft.com,1.0
earlystickgraft.com,1.0
zcvalkenburg.nl,1.0
zcvalkenburg.nl,1.0
ww5.zcvalkenburg.nl,1.0
ww5.zcvalkenburg.nl,1.0
zcvalkenburg.nl,1.0
123formbuilder.com,1.0
123formbuilder.com,1.0
www.123formbuilder.com,1.0
www.123formbuilder.com,1.0
123formbuilder.com,1.0
kanzleiservice.de,1.0
kanzleiservice.de,1.0
kanzleiservice.de,1.0
kanzleiservice.de,1.0
kanzleiservice.de,1.0
tik.info.pl,1.0
tik.info.pl,1.0
itaucomvoce.com,1.0
itaucomvoce.com,1.0
mobrandsglobal.com,1.0
mobrandsglobal.com,1.0
acessoriamente.com,1.0
acessoriamente.com,1.0
cache.nebula.phx3.secureserver.net,1.0
cache.nebula.phx3.secureserver.net,1.0
dbsdemoonline.com,1.0
dbsdemoonline.com,1.0
locksmail.com,1.0
locksmail.com,1.0
cafecitoperez.ivanidzakovic.com,1.0
cafecitoperez.ivanidzakovic.com,1.0
upd-medlav.net,1.0
upd-medlav.net,1.0
login.live.com.skyhigh9157.ms-office-365-email.skyhigh9157.myshn.net,1.0
login.live.com.skyhigh9157.ms-office-365-email.skyhigh9157.myshn.net,1.0
verify.mypaypdetails.com,1.0
verify.mypaypdetails.com,1.0
bradesconext.digital,1.0
bradesconext.digital,1.0
lum4.com,1.0
lum4.com,1.0
kaizenpak.com,1.0
kaizenpak.com,1.0
kaizenengineering.org,1.0
chunkyfrog.co.uk,1.0
chunkyfrog.co.uk,1.0
www.chunkyfrog.co.uk,1.0
www.chunkyfrog.co.uk,1.0
chunkyfrog.co.uk,1.0
rebrand.ly,1.0
rebrand.ly,1.0
www.rebrandly.com,1.0
www.rebrandly.com,1.0
rebrand.ly,1.0
livraisonspeed01.cloudaccess.host,1.0
livraisonspeed01.cloudaccess.host,1.0
atualizarboletovencido.com.br,1.0
atualizarboletovencido.com.br,1.0
atualizarboletovencido.com.br,1.0
developsys.net,1.0
developsys.net,1.0
lynkos.com.br,1.0
lynkos.com.br,1.0
lynkos.com.br,1.0
lynkos.com.br,1.0
lynkos.com.br,1.0
trsresourcing-my.sharepoint.com,1.0
trsresourcing-my.sharepoint.com,1.0
trsresourcing-my.sharepoint.com,1.0
trsresourcing-my.sharepoint.com,1.0
trsresourcing-my.sharepoint.com,1.0
trsresourcing-my.sharepoint.com,1.0
trsresourcing-my.sharepoint.com,1.0
trsresourcing-my.sharepoint.com,1.0
login.windows.net,1.0
login.windows.net,1.0
login.microsoftonline.com,1.0
login.microsoftonline.com,1.0
trsresourcing-my.sharepoint.com,1.0
trsresourcing-my.sharepoint.com,1.0
gulfeducationservices.com,1.0
gulfeducationservices.com,1.0
gulfeducationservices.com,1.0
mercvdonegro.com,1.0
mercvdonegro.com,1.0
punnetthomes.com,1.0
punnetthomes.com,1.0
www.punnetthomes.com,1.0
www.punnetthomes.com,1.0
punnetthomes.com,1.0
synergyathletictraining.com,1.0
synergyathletictraining.com,1.0
christiantidings.com,1.0
christiantidings.com,1.0
debbyfoodshop.com,1.0
debbyfoodshop.com,1.0
taijishentie.com,1.0
taijishentie.com,1.0
absa.ent.box.com,1.0
absa.ent.box.com,1.0
trydent.org,1.0
trydent.org,1.0
www.trydent.org,1.0
www.trydent.org,1.0
trydent.org,1.0
koreansamurai.com.au,1.0
koreansamurai.com.au,1.0
betasus-giir.blogspot.com,1.0
betasus-giir.blogspot.com,1.0
my-paypal-verification.com,1.0
my-paypal-verification.com,1.0
scorva.com,1.0
scorva.com,1.0
www.scorva.com,1.0
www.scorva.com,1.0
scorva.com,1.0
networksgates.ma,1.0
perdoesdiesel.com.br,1.0
perdoesdiesel.com.br,1.0
www.perdoesdiesel.com.br,1.0
www.perdoesdiesel.com.br,1.0
perdoesdiesel.com.br,1.0
caribconnectlaw.com,1.0
caribconnectlaw.com,1.0
wspolnie.com.pl,1.0
wspolnie.com.pl,1.0
heeressport.at,1.0
heeressport.at,1.0
davidsonandbeks.com,1.0
davidsonandbeks.com,1.0
capminvestment.com,1.0
capminvestment.com,1.0
ww33.informeapp.me,1.0
ww33.informeapp.me,1.0
t.co,1.0
t.co,1.0
t.co,1.0
t.co,1.0
t.co,1.0
vergaralandscaping.com,1.0
vergaralandscaping.com,1.0
exoticslimmingherbs.com,1.0
exoticslimmingherbs.com,1.0
mockup.metradigitalmedia.com,1.0
mockup.metradigitalmedia.com,1.0
zilojo.com,1.0
zilojo.com,1.0
zilojo.com,1.0
zilojo.com,1.0
zilojo.com,1.0
versionprowebss.myfreesites.net,1.0
versionprowebss.myfreesites.net,1.0
versionprowebss.myfreesites.net,1.0
versionprowebss.myfreesites.net,1.0
versionprowebss.myfreesites.net,1.0
advonationusa.com,1.0
advonationusa.com,1.0
advonationusa.com,1.0
fidoprovider.com,1.0
fidoprovider.com,1.0
stikerpackvkk.000webhostapp.com,1.0
stikerpackvkk.000webhostapp.com,1.0
paypal.co.uk.userusau0jsescq.settingsppup.com,1.0
paypal.co.uk.userusau0jsescq.settingsppup.com,1.0
ww17.paypal.co.uk.userusau0jsescq.settingsppup.com,1.0
ww17.paypal.co.uk.userusau0jsescq.settingsppup.com,1.0
paypal.co.uk.userusau0jsescq.settingsppup.com,1.0
gembrite.co.uk,1.0
gembrite.co.uk,1.0
gembrite.co.uk,1.0
gembrite.co.uk,1.0
gembrite.co.uk,1.0
baprov-visahome.com,1.0
baprov-visahome.com,1.0
starlingintlbnk.com,1.0
starlingintlbnk.com,1.0
parafiaczarkow.ns48.pl,1.0
parafiaczarkow.ns48.pl,1.0
parafiaczarkow.ns48.pl,1.0
parafiaczarkow.ns48.pl,1.0
parafiaczarkow.ns48.pl,1.0
ecotaskforce.com,1.0
ecotaskforce.com,1.0
www.ecotaskforce.com,1.0
www.ecotaskforce.com,1.0
ecotaskforce.com,1.0
marmaladedigital.in,1.0
marmaladedigital.in,1.0
marmaladedigital.in,1.0
marmaladedigital.in,1.0
marmaladedigital.in,1.0
meganmacylesolutions.com,1.0
meganmacylesolutions.com,1.0
meganmacylesolutions.com,1.0
meganmacylesolutions.com,1.0
sellao-managero.joomla.com,1.0
sellao-managero.joomla.com,1.0
gerdalights.buzz,1.0
gerdalights.buzz,1.0
cheaphostingsa.co.za,1.0
cheaphostingsa.co.za,1.0
cheaphostingsa.co.za,1.0
gtc-electronica.com,1.0
gtc-electronica.com,1.0
powaywelding.com,1.0
powaywelding.com,1.0
u.nu,1.0
u.nu,1.0
u.nu,1.0
u.nu,1.0
u.nu,1.0
villasakuraubud.com,1.0
villasakuraubud.com,1.0
villasakuraubud.com,1.0
villasakuraubud.com,1.0
powr.io,1.0
powr.io,1.0
www.powr.io,1.0
www.powr.io,1.0
powr.io,1.0
lucidfestival.com,1.0
lucidfestival.com,1.0
lucidfestival.com,1.0
xn--sparkass-i1a.connect-1412.de,1.0
xn--sparkass-i1a.connect-1412.de,1.0
hltps-wwv-bancoripley-cl.publicidadtechtre.com,1.0
hltps-wwv-bancoripley-cl.publicidadtechtre.com,1.0
venturegroupit.com,1.0
venturegroupit.com,1.0
ndt-college.kz,1.0
ndt-college.kz,1.0
cherrydancefitness.co.uk,1.0
cherrydancefitness.co.uk,1.0
cherrydancefitness.co.uk,1.0
cherrydancefitness.co.uk,1.0
www.cherrydancefitness.co.uk,1.0
www.cherrydancefitness.co.uk,1.0
cherrydancefitness.co.uk,1.0
outdoorism.com.au,1.0
outdoorism.com.au,1.0
outdoorism.com.au,1.0
hmrc.tax2rebate.com,1.0
hmrc.tax2rebate.com,1.0
glighting-my.sharepoint.com,1.0
glighting-my.sharepoint.com,1.0
glighting-my.sharepoint.com,1.0
glighting-my.sharepoint.com,1.0
glighting-my.sharepoint.com,1.0
glighting-my.sharepoint.com,1.0
glighting-my.sharepoint.com,1.0
glighting-my.sharepoint.com,1.0
glighting-my.sharepoint.com,1.0
login.windows.net,1.0
login.windows.net,1.0
login.microsoftonline.com,1.0
login.microsoftonline.com,1.0
glighting-my.sharepoint.com,1.0
glighting-my.sharepoint.com,1.0
espace-client.net,1.0
espace-client.net,1.0
espace-client.net,1.0
bit.ly,1.0
bit.ly,1.0
bitly.com,1.0
bitly.com,1.0
bit.ly,1.0
my-3mobile.com,1.0
my-3mobile.com,1.0
stevencrews.com,1.0
stevencrews.com,1.0
yourfreephoneapp.com,1.0
yourfreephoneapp.com,1.0
chase-verification.diligencees.com,1.0
chase-verification.diligencees.com,1.0
forms.gle,1.0
forms.gle,1.0
forms.gle,1.0
forms.gle,1.0
whare.100webspace.net,1.0
whare.100webspace.net,1.0
whare.100webspace.net,1.0
labyrinthtanning.com,1.0
labyrinthtanning.com,1.0
labyrinthtanning.com,1.0
labyrinthtanning.com,1.0
labyrinthtanning.com,1.0
updatequota.byethost5.com,1.0
updatequota.byethost5.com,1.0
updatequota.byethost5.com,1.0
santuariodelaveronica.com,1.0
santuariodelaveronica.com,1.0
santuariodelaveronica.com,1.0
santuariodelaveronica.com,1.0
santuariodelaveronica.com,1.0
delgadaygordo.com,1.0
delgadaygordo.com,1.0
www.delgadaygordo.com,1.0
www.delgadaygordo.com,1.0
delgadaygordo.com,1.0
solutionsksa.com,1.0
solutionsksa.com,1.0
solutionsksa.com,1.0
solutionsksa.com,1.0
solutionsksa.com,1.0
modsecpaststudents.com,1.0
modsecpaststudents.com,1.0
modsecpaststudents.com,1.0
slempresas.com.br,1.0
slempresas.com.br,1.0
thebankbandb.com.au,1.0
thebankbandb.com.au,1.0
videosfacebook.today,1.0
videosfacebook.today,1.0
trustveda.com,1.0
trustveda.com,1.0
trustveda.com,1.0
trustveda.com,1.0
trustayurveda.com,1.0
trustayurveda.com,1.0
trustayurveda.com,1.0
trustayurveda.com,1.0
trustveda.com,1.0
link.do,1.0
link.do,1.0
link.do,1.0
link.do,1.0
link.do,1.0
thelogodept.com,1.0
thelogodept.com,1.0
thelogodept.com,1.0
thelogodept.com,1.0
thelogodept.com,1.0
couter-nad.firebaseapp.com,1.0
couter-nad.firebaseapp.com,1.0
couter-nad.firebaseapp.com,1.0
couter-nad.firebaseapp.com,1.0
yourfitnesscorner.com,1.0
yourfitnesscorner.com,1.0
emporio71.com.br,1.0
emporio71.com.br,1.0
aurapropaganda.com,1.0
aurapropaganda.com,1.0
aurapropaganda.com,1.0
aurapropaganda.com,1.0
aurapropaganda.com,1.0
phytoger.com,1.0
phytoger.com,1.0
birrasalentoshop.it,1.0
birrasalentoshop.it,1.0
www.birrasalentoshop.it,1.0
www.birrasalentoshop.it,1.0
www.birrasalentoshop.it,1.0
www.birrasalentoshop.it,1.0
birrasalentoshop.it,1.0
oninet.al,1.0
oninet.al,1.0
www2.fluoder.com.py,1.0
www2.fluoder.com.py,1.0
www2.fluoder.com.py,1.0
mtmonly.com,1.0
mtmonly.com,1.0
grindtimegym.com,1.0
grindtimegym.com,1.0
grindtimegym.com,1.0
pd-iskra-lj.si,1.0
pd-iskra-lj.si,1.0
nef.com.pk,1.0
nef.com.pk,1.0
hamt.jp,1.0
hamt.jp,1.0
dongsuh.net,1.0
dongsuh.net,1.0
dongsuh.net,1.0
netorgft1432979-my.sharepoint.com,1.0
netorgft1432979-my.sharepoint.com,1.0
netorgft1432979-my.sharepoint.com,1.0
netorgft1432979-my.sharepoint.com,1.0
netorgft1432979-my.sharepoint.com,1.0
netorgft1432979-my.sharepoint.com,1.0
netorgft1432979-my.sharepoint.com,1.0
netorgft1432979-my.sharepoint.com,1.0
login.windows.net,1.0
login.windows.net,1.0
login.microsoftonline.com,1.0
login.microsoftonline.com,1.0
netorgft1432979-my.sharepoint.com,1.0
netorgft1432979-my.sharepoint.com,1.0
pattiturner.com,1.0
pattiturner.com,1.0
pattiturner.com,1.0
ganhar.giftgratis.online,1.0
ganhar.giftgratis.online,1.0
unlockghana.com,1.0
unlockghana.com,1.0
kortalankar.se,1.0
kortalankar.se,1.0
kortalankar.se,1.0
kortalankar.se,1.0
kortalankar.se,1.0
drcorreamejoresimplantes.com,1.0
drcorreamejoresimplantes.com,1.0
worldfreestuff.icu,1.0
worldfreestuff.icu,1.0
s2pe7ed9y.rj.r.appspot.com,1.0
s2pe7ed9y.rj.r.appspot.com,1.0
sidreriagalastur.es,1.0
sidreriagalastur.es,1.0
wizmozinteractive.com,1.0
wizmozinteractive.com,1.0
s.id,1.0
s.id,1.0
housefullfilms.com,1.0
housefullfilms.com,1.0
housefullfilms.com,1.0
mycarauctionad.com,1.0
mycarauctionad.com,1.0
wkrprime.com.br,1.0
wkrprime.com.br,1.0
wkrprime.com.br,1.0
wkrprime.com.br,1.0
wkrprime.com.br,1.0
box5674.temp.domains,1.0
box5674.temp.domains,1.0
rangkapselari.com,1.0
rangkapselari.com,1.0
rangkapselari.com,1.0
rangkapselari.com,1.0
rangkapselari.com,1.0
holychildschool.co.in,1.0
holychildschool.co.in,1.0
vadodaramarathon.com,1.0
www.vadodaramarathon.com,1.0
www.vadodaramarathon.com,1.0
vadodaramarathon.com,1.0
faridabadeducationcouncil.com,1.0
faridabadeducationcouncil.com,1.0
faridabadeducationcouncil.com,1.0
faridabadeducationcouncil.com,1.0
faridabadeducationcouncil.com,1.0
inlineglass.com.au,1.0
inlineglass.com.au,1.0
careeracademysb-my.sharepoint.com,1.0
careeracademysb-my.sharepoint.com,1.0
careeracademysb-my.sharepoint.com,1.0
careeracademysb-my.sharepoint.com,1.0
careeracademysb-my.sharepoint.com,1.0
careeracademysb-my.sharepoint.com,1.0
careeracademysb-my.sharepoint.com,1.0
careeracademysb-my.sharepoint.com,1.0
login.windows.net,1.0
login.windows.net,1.0
login.microsoftonline.com,1.0
login.microsoftonline.com,1.0
careeracademysb-my.sharepoint.com,1.0
careeracademysb-my.sharepoint.com,1.0
istanbulasiklari.com,1.0
istanbulasiklari.com,1.0
hairdame.com,1.0
hairdame.com,1.0
splash-laundromatlv.com,1.0
splash-laundromatlv.com,1.0
splash-laundromatlv.com,1.0
bdsfa.sharepoint.com,1.0
bdsfa.sharepoint.com,1.0
bdsfa.sharepoint.com,1.0
bdsfa.sharepoint.com,1.0
bdsfa.sharepoint.com,1.0
bdsfa.sharepoint.com,1.0
bdsfa.sharepoint.com,1.0
bdsfa.sharepoint.com,1.0
login.windows.net,1.0
login.windows.net,1.0
login.microsoftonline.com,1.0
login.microsoftonline.com,1.0
bdsfa.sharepoint.com,1.0
bdsfa.sharepoint.com,1.0
dichvuvnpt.com,1.0
dichvuvnpt.com,1.0
dichvuvnpt.com,1.0
khurramandcosolicitors.com,1.0
khurramandcosolicitors.com,1.0
khurramandcosolicitors.com,1.0
khurramandcosolicitors.com,1.0
khurramandcosolicitors.com,1.0
oaep.diw.go.th,1.0
oaep.diw.go.th,1.0
agendarsaque-fgts.online,1.0
agendarsaque-fgts.online,1.0
puntaarenas.cl,1.0
puntaarenas.cl,1.0
puntaarenas.cl,1.0
puntaarenas.cl,1.0
puntaarenas.cl,1.0
itir4.app.link,1.0
itir4.app.link,1.0
prakasaws.com,1.0
prakasaws.com,1.0
10c56fb8-6ae8-4d40-bb14-a3890c961371.htmlcomponentservice.com,1.0
10c56fb8-6ae8-4d40-bb14-a3890c961371.htmlcomponentservice.com,1.0
myozhost.com,1.0
myozhost.com,1.0
myozhost.com,1.0
myozhost.com,1.0
myozhost.com,1.0
moonkahonda.com,1.0
moonkahonda.com,1.0
paypal.account.com.cuteideas.gr,1.0
paypal.account.com.cuteideas.gr,1.0
alergiaalpolen.com,1.0
alergiaalpolen.com,1.0
alergiaalpolen.com,1.0
alergiaalpolen.com,1.0
alergiaalpolen.com,1.0
travelingwithdee.com,1.0
travelingwithdee.com,1.0
travelingwithdee.com,1.0
gov.hmrc.refund-apply.uk,1.0
gov.hmrc.refund-apply.uk,1.0
comoliberarhuawei.com,1.0
comoliberarhuawei.com,1.0
icloud.com.support-careplus.com,1.0
icloud.com.support-careplus.com,1.0
authpro.com,1.0
authpro.com,1.0
authpro.com,1.0
authpro.com,1.0
authpro.com,1.0
c1770209.ferozo.com,1.0
c1770209.ferozo.com,1.0
rockysite.net,1.0
rockysite.net,1.0
rockysite.net,1.0
rockysite.net,1.0
rockysite.net,1.0
blackinfinite.catalogoderecompensas.com.br,1.0
blackinfinite.catalogoderecompensas.com.br,1.0
blackinfinite.catalogoderecompensas.com.br,1.0
blackinfinite.catalogoderecompensas.com.br,1.0
blackinfinite.catalogoderecompensas.com.br,1.0
zxe32szefr3.000webhostapp.com,1.0
zxe32szefr3.000webhostapp.com,1.0
diagnosticandstatisticalmanual.org,1.0
diagnosticandstatisticalmanual.org,1.0
www.mygbhp.com,1.0
www.mygbhp.com,1.0
diagnosticandstatisticalmanual.org,1.0
lqw9r6y8q.codesandbox.io,1.0
lqw9r6y8q.codesandbox.io,1.0
lqw9r6y8q.codesandbox.io,1.0
lqw9r6y8q.codesandbox.io,1.0
lqw9r6y8q.codesandbox.io,1.0
pattybarrueta.com,1.0
pattybarrueta.com,1.0
beetleart.com.tr,1.0
beetleart.com.tr,1.0
beetleart.com.tr,1.0
bootnbonnet.org,1.0
bootnbonnet.org,1.0
www.bootnbonnet.org,1.0
www.bootnbonnet.org,1.0
bootnbonnet.org,1.0
saleschampion.co.uk,1.0
saleschampion.co.uk,1.0
premiumtickets-offer.com,1.0
premiumtickets-offer.com,1.0
synerquest.com,1.0
synerquest.com,1.0
mms.tucsonhispanicchamber.net,1.0
mms.tucsonhispanicchamber.net,1.0
5bn0j.app.link,1.0
5bn0j.app.link,1.0
5bn0j.app.link,1.0
5bn0j.app.link,1.0
cwmrc.org,1.0
cwmrc.org,1.0
usedcopiersaustin.com,1.0
usedcopiersaustin.com,1.0
imxprs.com,1.0
imxprs.com,1.0
www.imxprs.com,1.0
www.imxprs.com,1.0
www.imcreator.com,1.0
www.imcreator.com,1.0
imxprs.com,1.0
mom2momlist.com,1.0
mom2momlist.com,1.0
mom2momlist.com,1.0
lifetimeconx.com,1.0
lifetimeconx.com,1.0
theingredients.net,1.0
theingredients.net,1.0
theingredients.net,1.0
theingredients.net,1.0
theingredients.net,1.0
regina.ninetendev.com,1.0
regina.ninetendev.com,1.0
regina.ninetendev.com,1.0
regina.ninetendev.com,1.0
regina.ninetendev.com,1.0
otonamdinh5s.com,1.0
otonamdinh5s.com,1.0
y-r.top,1.0
y-r.top,1.0
betaresourcesltd.com,1.0
betaresourcesltd.com,1.0
betaresourcesltd.com,1.0
betaresourcesltd.com,1.0
betaresourcesltd.com,1.0
hw591.com,1.0
hw591.com,1.0
resgatemobilebb.com,1.0
resgatemobilebb.com,1.0
peds-ortho.com,1.0
peds-ortho.com,1.0
mereliverystables.com,1.0
mereliverystables.com,1.0
gcspolk.com,1.0
gcspolk.com,1.0
gcspolk.com,1.0
berliner-sparkasse.de.es-public.com,1.0
berliner-sparkasse.de.es-public.com,1.0
arshermeneutica.org,1.0
arshermeneutica.org,1.0
file.docapps.dns-cloud.net,1.0
file.docapps.dns-cloud.net,1.0
communityreview.info,1.0
communityreview.info,1.0
plusmarcas.com,1.0
plusmarcas.com,1.0
cmfraj.org,1.0
cmfraj.org,1.0
gelkayano-nz.com,1.0
gelkayano-nz.com,1.0
rbcmontgomery.com,1.0
rbcmontgomery.com,1.0
livraisonspeed002.cloudaccess.host,1.0
livraisonspeed002.cloudaccess.host,1.0
medokofo.ml,1.0
medokofo.ml,1.0
medokofo.ml,1.0
abano5.ge,1.0
itauconfirmsecurity.com,1.0
itauconfirmsecurity.com,1.0
blueboy.studio,1.0
blueboy.studio,1.0
crewscontrolmd-my.sharepoint.com,1.0
crewscontrolmd-my.sharepoint.com,1.0
crewscontrolmd-my.sharepoint.com,1.0
crewscontrolmd-my.sharepoint.com,1.0
crewscontrolmd-my.sharepoint.com,1.0
crewscontrolmd-my.sharepoint.com,1.0
crewscontrolmd-my.sharepoint.com,1.0
crewscontrolmd-my.sharepoint.com,1.0
login.windows.net,1.0
login.windows.net,1.0
login.microsoftonline.com,1.0
login.microsoftonline.com,1.0
crewscontrolmd-my.sharepoint.com,1.0
crewscontrolmd-my.sharepoint.com,1.0
shafeimall046.top,1.0
shafeimall046.top,1.0
todosprodutos.com.br,1.0
todosprodutos.com.br,1.0
w2mgqyeeato6a7.000webhostapp.com,1.0
w2mgqyeeato6a7.000webhostapp.com,1.0
jjj.snprobbx.pbz.r.de.a2ip.ru,1.0
jjj.snprobbx.pbz.r.de.a2ip.ru,1.0
stateagencybe.tumblr.com,1.0
stateagencybe.tumblr.com,1.0
stateagencybe.tumblr.com,1.0
stateagencybe.tumblr.com,1.0
stateagencybe.tumblr.com,1.0
evh.com.br,1.0
evh.com.br,1.0
evh.com.br,1.0
yadadikh.com,1.0
yadadikh.com,1.0
bizcloudz.net,1.0
bizcloudz.net,1.0
bizcloudz.com,1.0
bizcloudz.com,1.0
bizcloudz.net,1.0
cybergata.com,1.0
cybergata.com,1.0
cybergata.com,1.0
scienceimpulsefoundation.org,1.0
scienceimpulsefoundation.org,1.0
signalsnipe.com,1.0
signalsnipe.com,1.0
signalsnipe.com,1.0
loginsteam.com,1.0
loginsteam.com,1.0
gkjx168.com,1.0
gkjx168.com,1.0
speedy.com.pk,1.0
speedy.com.pk,1.0
speedy.com.pk,1.0
speedy.com.pk,1.0
www.speedy.com.pk,1.0
www.speedy.com.pk,1.0
speedy.com.pk,1.0
berkshirelnp.org,1.0
berkshirelnp.org,1.0
berkshirelnp.org,1.0
berkshirelnp.org,1.0
berkshirelnp.org,1.0
vaunty-halt.000webhostapp.com,1.0
vaunty-halt.000webhostapp.com,1.0
zdravets.org,1.0
zdravets.org,1.0
verizon-wirelesscustomerservice.com,1.0
verizon-wirelesscustomerservice.com,1.0
chineshydromechanical.com,1.0
chineshydromechanical.com,1.0
dusperdesi.net,1.0
dusperdesi.net,1.0
dusperdesi.net,1.0
dusperdesi.net,1.0
dusperdesi.net,1.0
qrxhskj.cluster028.hosting.ovh.net,1.0
qrxhskj.cluster028.hosting.ovh.net,1.0
qrxhskj.cluster028.hosting.ovh.net,1.0
bookedandboarding.com,1.0
bookedandboarding.com,1.0
lantikiradar.com,1.0
gulhasal.com,1.0
gulhasal.com,1.0
www.gulhasal.com,1.0
www.gulhasal.com,1.0
www.gulhasal.com,1.0
www.gulhasal.com,1.0
www.gulhasal.com,1.0
www.gulhasal.com,1.0
gulhasal.com,1.0
napavalleynanny.com,1.0
napavalleynanny.com,1.0
www.napavalleynanny.com,1.0
www.napavalleynanny.com,1.0
napavalleynanny.com,1.0
tansus.co.uk,1.0
tansus.co.uk,1.0
storage.googleapis.com,1.0
storage.googleapis.com,1.0
f37xs.app.link,1.0
f37xs.app.link,1.0
wavesetholdings.com,1.0
wavesetholdings.com,1.0
wavesetholdings.com,1.0
dameidaijia.com,1.0
dameidaijia.com,1.0
sattvagroupexotic.in,1.0
sattvagroupexotic.in,1.0
fesondeby.com,1.0
fesondeby.com,1.0
castromonitoramento.com.br,1.0
castromonitoramento.com.br,1.0
ziptopia53.com,1.0
ziptopia53.com,1.0
mootah-medical.com,1.0
mootah-medical.com,1.0
mootah-medical.com,1.0
obixpdf.sa7o.com,1.0
obixpdf.sa7o.com,1.0
stereovision.biz,1.0
stereovision.biz,1.0
stereovision.biz,1.0
electroopticalcomp.com,1.0
electroopticalcomp.com,1.0
am-t.by,1.0
am-t.by,1.0
am-t.by,1.0
exler-karosserie.at,1.0
exler-karosserie.at,1.0
www.exler-karosserie.at,1.0
www.exler-karosserie.at,1.0
www.exler-karosserie.at,1.0
www.exler-karosserie.at,1.0
exler-karosserie.at,1.0
livenmitac-my.sharepoint.com,1.0
livenmitac-my.sharepoint.com,1.0
livenmitac-my.sharepoint.com,1.0
livenmitac-my.sharepoint.com,1.0
livenmitac-my.sharepoint.com,1.0
livenmitac-my.sharepoint.com,1.0
livenmitac-my.sharepoint.com,1.0
livenmitac-my.sharepoint.com,1.0
login.windows.net,1.0
login.windows.net,1.0
login.microsoftonline.com,1.0
login.microsoftonline.com,1.0
livenmitac-my.sharepoint.com,1.0
livenmitac-my.sharepoint.com,1.0
kirkwoodbowlfoundation.org,1.0
kirkwoodbowlfoundation.org,1.0
kirkwoodbowlfoundation.org,1.0
kirkwoodbowlfoundation.org,1.0
www.kirkwoodbowlfoundation.org,1.0
www.kirkwoodbowlfoundation.org,1.0
kirkwoodbowlfoundation.org,1.0
saliha.imlkwt.com,1.0
saliha.imlkwt.com,1.0
vixas.atwebpages.com,1.0
hentech.com.hk,1.0
hentech.com.hk,1.0
hentech.com.hk,1.0
donslan.com,1.0
donslan.com,1.0
vicariapastoralgdl.org,1.0
vicariapastoralgdl.org,1.0
vicariapastoralgdl.org,1.0
pedacinhodefriburgo.com.br,1.0
motorradclubbergamo.it,1.0
motorradclubbergamo.it,1.0
www.motorradclubbergamo.it,1.0
www.motorradclubbergamo.it,1.0
motorradclubbergamo.it,1.0
grupprontalgaming.25u.com,1.0
grupprontalgaming.25u.com,1.0
www.changeip.com,1.0
www.changeip.com,1.0
grupprontalgaming.25u.com,1.0
mission2freedom.com,1.0
mission2freedom.com,1.0
mission2freedom.com,1.0
mission2freedom.com,1.0
www.mission2freedom.com,1.0
www.mission2freedom.com,1.0
mission2freedom.com,1.0
alquileres.com.py,1.0
alquileres.com.py,1.0
alquileres.com.py,1.0
igrzyskasto.pl,1.0
igrzyskasto.pl,1.0
theapple-tech.com,1.0
theapple-tech.com,1.0
theapple-tech.com,1.0
theapple-tech.com,1.0
dstrict.at,1.0
dstrict.at,1.0
dstrict.at,1.0
dstrict.at,1.0
theapple-tech.com,1.0
especialmentemaes.com,1.0
especialmentemaes.com,1.0
poonammishra.in,1.0
poonammishra.in,1.0
mail01.tinyletterapp.com,1.0
mail01.tinyletterapp.com,1.0
kandbmoldedproducts.com,1.0
kandbmoldedproducts.com,1.0
sardineroabogados.com,1.0
sardineroabogados.com,1.0
sardineroabogados.com,1.0
sardineroabogados.com,1.0
sardineroabogados.com,1.0
uncommoncbd.com,1.0
uncommoncbd.com,1.0
uncommoncbd.com,1.0
lagelijundiai.com.br,1.0
lagelijundiai.com.br,1.0
camadanyapimalzemeleri.com,1.0
camadanyapimalzemeleri.com,1.0
elpla.pl,1.0
elpla.pl,1.0
elpla.pl,1.0
comunitaefamiglia.org,1.0
comunitaefamiglia.org,1.0
comunitaefamiglia.org,1.0
comunitaefamiglia.org,1.0
comunitaefamiglia.org,1.0
barbarahennelly.com,1.0
barbarahennelly.com,1.0
www.barbarahennelly.com,1.0
www.barbarahennelly.com,1.0
barbarahennelly.com,1.0
bet365cp.net,1.0
bet365cp.net,1.0
butlercourse.com,1.0
butlercourse.com,1.0
butlercourse.com,1.0
turkmcse.com,1.0
turkmcse.com,1.0
dehkadenovin.com,1.0
dehkadenovin.com,1.0
autorizador5.com.br,1.0
autorizador5.com.br,1.0
www.autorizador5.com.br,1.0
www.autorizador5.com.br,1.0
autorizador5.com.br,1.0
itacardacesso.com,1.0
itacardacesso.com,1.0
dreamhouse.in.th,1.0
dreamhouse.in.th,1.0
assicuriamoci.net,1.0
assicuriamoci.net,1.0
www.assicuriamoci.net,1.0
www.assicuriamoci.net,1.0
assicuriamoci.net,1.0
tokokainbandung.com,1.0
tokokainbandung.com,1.0
greenowladvisers.com,1.0
greenowladvisers.com,1.0
greenowladvisers.com,1.0
greenowladvisers.com,1.0
greenowladvisers.com,1.0
lyonpress.com.br,1.0
lyonpress.com.br,1.0
martazancanaro.com,1.0
martazancanaro.com,1.0
martazancanaro.com,1.0
martazancanaro.com,1.0
martazancanaro.com,1.0
gooyatoronto.com,1.0
gooyatoronto.com,1.0
metrological-focus.000webhostapp.com,1.0
metrological-focus.000webhostapp.com,1.0
zonasegurobetabcp.com,1.0
zonasegurobetabcp.com,1.0
zrq2y.weblium.site,1.0
zrq2y.weblium.site,1.0
zrq2y.weblium.site,1.0
zrq2y.weblium.site,1.0
youngil.co.kr,1.0
youngil.co.kr,1.0
hm-onlineapplication.ga,1.0
hm-onlineapplication.ga,1.0
secure.runescape.com-en.ru,1.0
secure.runescape.com-en.ru,1.0
etecindsvc.com,1.0
etecindsvc.com,1.0
www.etecindsvc.com,1.0
www.etecindsvc.com,1.0
etecindsvc.com,1.0
center302.team,1.0
center302.team,1.0
3.ly,1.0
3.ly,1.0
3.ly,1.0
3.ly,1.0
www.shrunken.com,1.0
www.shrunken.com,1.0
www.shrunken.com,1.0
www.shrunken.com,1.0
3.ly,1.0
intesagruppoisp-web.000webhostapp.com,1.0
intesagruppoisp-web.000webhostapp.com,1.0
onedrive.live.com,1.0
onedrive.live.com,1.0
onedrive.live.com,1.0
onedrive.live.com,1.0
onedrive.live.com,1.0
wildpridesafaris.com,1.0
wildpridesafaris.com,1.0
sriutamahub.com,1.0
sriutamahub.com,1.0
sriutamahub.com,1.0
accurate-engineers.in,1.0
accurate-engineers.in,1.0
accurate-engineers.in,1.0
appleid.apple.com.secured-login-recuperation-id.world,1.0
appleid.apple.com.secured-login-recuperation-id.world,1.0
grupocamco.cl,1.0
grupocamco.cl,1.0
kidms.com,1.0
kidms.com,1.0
paypalp.ontraport.com,1.0
bethesdaalur.org,1.0
bethesdaalur.org,1.0
inconfis.com,1.0
inconfis.com,1.0
se-connecter.net,1.0
se-connecter.net,1.0
se-connecter.net,1.0
mariavandana.com,1.0
mariavandana.com,1.0
mariavandana.com,1.0
adtekz.com,1.0
adtekz.com,1.0
adtekz.com,1.0
exodus.io98741.ml,1.0
willingcartworthsupplies.com,1.0
ugaflix.com,1.0
flavena.co.rs,1.0
flavena.co.rs,1.0
flavena.co.rs,1.0
flavena.co.rs,1.0
flavena.co.rs,1.0
bly-socks.com.ua,1.0
bly-socks.com.ua,1.0
chad-moore.com,1.0
chad-moore.com,1.0
chad-moore.com,1.0
inversionesgini.com,1.0
inversionesgini.com,1.0
samducksports.com,1.0
samducksports.com,1.0
www.samducksports.com,1.0
www.samducksports.com,1.0
samducksports.com,1.0
edhs85.com,1.0
edhs85.com,1.0
utffunds.com,1.0
utffunds.com,1.0
utffunds.com,1.0
group.agriparts.kz,1.0
momos-ambachtelijkeijs.nl,1.0
momos-ambachtelijkeijs.nl,1.0
momos-ambachtelijkeijs.nl,1.0
momos-ambachtelijkeijs.nl,1.0
www.momos-ambachtelijkeijs.nl,1.0
www.momos-ambachtelijkeijs.nl,1.0
momos-ambachtelijkeijs.nl,1.0
steamcoummunity.gq,1.0
steamcoummunity.gq,1.0
steamcoummunity.gq,1.0
suspended-profiles.blogspot.com,1.0
suspended-profiles.blogspot.com,1.0
suspended-profiles.blogspot.com,1.0
suspended-profiles.blogspot.com,1.0
suspended-profiles.blogspot.com,1.0
testing-adjusting-balancing.com,1.0
testing-adjusting-balancing.com,1.0
mncelektronik.com,1.0
mncelektronik.com,1.0
tptelecom.it,1.0
tptelecom.it,1.0
tptelecom.it,1.0
houseoftiresbcs.com,1.0
houseoftiresbcs.com,1.0
funetwork.tv,1.0
funetwork.tv,1.0
edthesock.com,1.0
edthesock.com,1.0
funetwork.tv,1.0
paypal.ping0n.vip,1.0
paypal.ping0n.vip,1.0
b.link,1.0
b.link,1.0
b.link,1.0
b.link,1.0
app.bl.ink,1.0
app.bl.ink,1.0
b.link,1.0
livestudentccc-my.sharepoint.com,1.0
livestudentccc-my.sharepoint.com,1.0
livestudentccc-my.sharepoint.com,1.0
livestudentccc-my.sharepoint.com,1.0
livestudentccc-my.sharepoint.com,1.0
livestudentccc-my.sharepoint.com,1.0
livestudentccc-my.sharepoint.com,1.0
livestudentccc-my.sharepoint.com,1.0
login.windows.net,1.0
login.windows.net,1.0
login.microsoftonline.com,1.0
login.microsoftonline.com,1.0
livestudentccc-my.sharepoint.com,1.0
livestudentccc-my.sharepoint.com,1.0
tsdesignstudio.net,1.0
tsdesignstudio.net,1.0
tsdesignstudio.net,1.0
tsdesignstudio.net,1.0
tsdesignstudio.net,1.0
balitransithotel.com,1.0
balitransithotel.com,1.0
balitransithotel.com,1.0
ebay.de.phodo.vn,1.0
ebay.de.phodo.vn,1.0
maersklinesllc.dx.am,1.0
maersklinesllc.dx.am,1.0
weddenoptennis.be,1.0
weddenoptennis.be,1.0
hideuri.com,1.0
hideuri.com,1.0
hideuri.com,1.0
hideuri.com,1.0
hideuri.com,1.0
posb-ibanking-demo.herokuapp.com,1.0
posb-ibanking-demo.herokuapp.com,1.0
stanshoes.com.ng,1.0
stanshoes.com.ng,1.0
webfiddle.net,1.0
webfiddle.net,1.0
webfiddle.net,1.0
fluteguards.nn.r.appspot.com,1.0
fluteguards.nn.r.appspot.com,1.0
lowcy-nagrod.pl,1.0
lowcy-nagrod.pl,1.0
jaggaauto.com,1.0
jaggaauto.com,1.0
jaggaauto.com,1.0
jaggaauto.com,1.0
jaggaauto.com,1.0
3jba.com,1.0
3jba.com,1.0
www.3jba.com,1.0
www.3jba.com,1.0
3jba.com,1.0
celsahiinc.000webhostapp.com,1.0
celsahiinc.000webhostapp.com,1.0
recovery-support.u718573rwk.ha004.t.justns.ru,1.0
recovery-support.u718573rwk.ha004.t.justns.ru,1.0
akilili.com,1.0
akilili.com,1.0
akilili.com,1.0
e-grupobancolombia.com.co,1.0
e-grupobancolombia.com.co,1.0
bcpzonasegurabeta.viabcp.com.entrepreneur.pe,1.0
bcpzonasegurabeta.viabcp.com.entrepreneur.pe,1.0
csgoxskin.com,1.0
csgoxskin.com,1.0
bnkrealestate.com,1.0
bnkrealestate.com,1.0
fareast.qa,1.0
fareast.qa,1.0
dataforce.co.uk,1.0
dataforce.co.uk,1.0
53.com-id9533371.thoughtoholics.net,1.0
53.com-id9533371.thoughtoholics.net,1.0
sixpointpartners-my.sharepoint.com,1.0
profinishmi.com,1.0
profinishmi.com,1.0
groupabamcolombiaweb.com,1.0
groupabamcolombiaweb.com,1.0
solutionschiro.net,1.0
solutionschiro.net,1.0
vcita.com,1.0
vcita.com,1.0
art-sticker.fr,1.0
art-sticker.fr,1.0
planwise.co.za,1.0
planwise.co.za,1.0
netflixloginhelp.com,1.0
netflixloginhelp.com,1.0
stress-depression-therapy.com,1.0
stress-depression-therapy.com,1.0
ye4.hislult.com,1.0
ye4.hislult.com,1.0
mackinn.com,1.0
mackinn.com,1.0
www.mackinn.com,1.0
www.mackinn.com,1.0
mackinn.com,1.0
helife.ru,1.0
helife.ru,1.0
c1781279.ferozo.com,1.0
c1781279.ferozo.com,1.0
rusnod.ru,1.0
rusnod.ru,1.0
rusnod.ru,1.0
